<?xml version="1.0" encoding="UTF-8"?>
<lint>
    <issue id="ContentDescription" severity="ignore">
        <ignore path="res\layout\widget.xml" />
    </issue>
    <issue id="DisableBaselineAlignment">
        <ignore path="res\layout\main.xml" />
        <ignore path="res\layout\todayinfo.xml" />
    </issue>
    <issue id="ExportedActivity">
        <ignore path="AndroidManifest.xml" />
    </issue>
    <issue id="FloatMath" severity="ignore" />
    <issue id="HandlerLeak" severity="ignore">
        <ignore path="src\jp\neoscorp\android\love_suzyszoo\weather_s_m_00000_01\wlsz_weather01\UpdateService.java" />
    </issue>
    <issue id="HardcodedText" severity="ignore">
        <ignore path="res\layout\widget.xml" />
    </issue>
    <issue id="MissingTranslation" severity="ignore" />
    <issue id="NestedWeights" severity="ignore" />
    <issue id="ParserError" severity="ignore">
        <ignore path="src\jp\neoscorp\android\love_suzyszoo\weather_s_m_00000_01\wlsz_weather01\flamingo\SDLog.java" />
    </issue>
    <issue id="PxUsage">
        <ignore path="res\layout\setting.xml" />
    </issue>
    <issue id="ShowToast">
        <ignore path="src\jp\neoscorp\android\love_suzyszoo\weather_s_m_00000_01\wlsz_weather01\widget\WeatherWidget.java" />
    </issue>
    <issue id="UseSparseArrays" severity="ignore" />
    <issue id="UselessLeaf">
        <ignore path="res\layout\setting.xml" />
    </issue>
    <issue id="UselessParent">
        <ignore path="res\layout\widget.xml" />
    </issue>
    <issue id="UsesMinSdkAttributes">
        <ignore path="AndroidManifest.xml" />
    </issue>
</lint>