<?xml version="1.0" encoding="utf-8"?>
<cities>
<city><id>1</id><code>47401</code><name>稚内</name><area>1</area></city>
<city><id>2</id><code>47407</code><name>旭川</name><area>1</area></city>
<city><id>3</id><code>47412</code><name>札幌</name><area>1</area></city>
<city><id>4</id><code>47409</code><name>網走</name><area>1</area></city>
<city><id>5</id><code>47418</code><name>釧路</name><area>1</area></city>
<city><id>6</id><code>47423</code><name>室蘭</name><area>1</area></city>
<city><id>7</id><code>47430</code><name>函館</name><area>1</area></city>
<city><id>8</id><code>47575</code><name>青森</name><area>1</area></city>
<city><id>9</id><code>47582</code><name>秋田</name><area>1</area></city>
<city><id>10</id><code>47584</code><name>盛岡</name><area>1</area></city>
<city><id>11</id><code>47590</code><name>仙台</name><area>1</area></city>
<city><id>12</id><code>47588</code><name>山形</name><area>1</area></city>
<city><id>13</id><code>47595</code><name>福島</name><area>1</area></city>
<city><id>14</id><code>47604</code><name>新潟</name><area>1</area></city>
<city><id>15</id><code>47629</code><name>水戸</name><area>1</area></city>
<city><id>16</id><code>47615</code><name>宇都宮</name><area>1</area></city>
<city><id>17</id><code>47624</code><name>前橋</name><area>1</area></city>
<city><id>18</id><code>47626</code><name>熊谷</name><area>1</area></city>
<city><id>19</id><code>47662</code><name>東京</name><area>1</area></city>
<city><id>20</id><code>47678</code><name>八丈島</name><area>1</area></city>
<city><id>21</id><code>47648</code><name>銚子</name><area>1</area></city>
<city><id>22</id><code>47670</code><name>横浜</name><area>1</area></city>
<city><id>23</id><code>47610</code><name>長野</name><area>1</area></city>
<city><id>24</id><code>47638</code><name>甲府</name><area>1</area></city>
<city><id>25</id><code>47656</code><name>静岡</name><area>1</area></city>
<city><id>26</id><code>47636</code><name>名古屋</name><area>1</area></city>
<city><id>27</id><code>47632</code><name>岐阜</name><area>1</area></city>
<city><id>28</id><code>47651</code><name>津</name><area>1</area></city>
<city><id>29</id><code>47607</code><name>富山</name><area>1</area></city>
<city><id>30</id><code>47605</code><name>金沢</name><area>1</area></city>
<city><id>31</id><code>47616</code><name>福井</name><area>1</area></city>
<city><id>32</id><code>47761</code><name>彦根</name><area>1</area></city>
<city><id>33</id><code>47759</code><name>京都</name><area>1</area></city>
<city><id>34</id><code>47772</code><name>大阪</name><area>1</area></city>
<city><id>35</id><code>47770</code><name>神戸</name><area>1</area></city>
<city><id>36</id><code>47780</code><name>奈良</name><area>1</area></city>
<city><id>37</id><code>47777</code><name>和歌山</name><area>1</area></city>
<city><id>38</id><code>47768</code><name>岡山</name><area>1</area></city>
<city><id>39</id><code>47765</code><name>広島</name><area>1</area></city>
<city><id>40</id><code>47741</code><name>松江</name><area>1</area></city>
<city><id>41</id><code>47746</code><name>鳥取</name><area>1</area></city>
<city><id>42</id><code>47762</code><name>下関</name><area>1</area></city>
<city><id>43</id><code>47895</code><name>徳島</name><area>1</area></city>
<city><id>44</id><code>47891</code><name>高松</name><area>1</area></city>
<city><id>45</id><code>47887</code><name>松山</name><area>1</area></city>
<city><id>46</id><code>47893</code><name>高知</name><area>1</area></city>
<city><id>47</id><code>47807</code><name>福岡</name><area>1</area></city>
<city><id>48</id><code>47815</code><name>大分</name><area>1</area></city>
<city><id>49</id><code>47817</code><name>長崎</name><area>1</area></city>
<city><id>50</id><code>47813</code><name>佐賀</name><area>1</area></city>
<city><id>51</id><code>47819</code><name>熊本</name><area>1</area></city>
<city><id>52</id><code>47830</code><name>宮崎</name><area>1</area></city>
<city><id>53</id><code>47827</code><name>鹿児島</name><area>1</area></city>
<city><id>54</id><code>47909</code><name>名瀬</name><area>1</area></city>
<city><id>55</id><code>47936</code><name>那覇</name><area>1</area></city>
<city><id>56</id><code>47945</code><name>南大東島</name><area>1</area></city>
<city><id>57</id><code>47927</code><name>宮古島</name><area>1</area></city>
<city><id>58</id><code>47918</code><name>石垣島</name><area>1</area></city>
<city><id>59</id><code>47971</code><name>父島</name><area>1</area></city>

</cities>
