<?xml version="1.0" encoding="utf-8"?>
<weathers>
<weather><id>100</id><dscb>晴れ</dscb><image>100</image></weather>
<weather><id>123</id><dscb>晴れ</dscb><image>100</image></weather>
<weather><id>124</id><dscb>晴れ</dscb><image>100</image></weather>
<weather><id>130</id><dscb>晴れ</dscb><image>100</image></weather>
<weather><id>131</id><dscb>晴れ</dscb><image>100</image></weather>
<weather><id>500</id><dscb>晴れ</dscb><image>100</image></weather>
<weather><id>600</id><dscb>晴れ</dscb><image>100</image></weather>
<weather><id>550</id><dscb>晴れ</dscb><image>100</image></weather>
<weather><id>101</id><dscb>晴れ時々くもり</dscb><image>101</image></weather>
<weather><id>132</id><dscb>晴れ時々くもり</dscb><image>101</image></weather>
<weather><id>552</id><dscb>晴れ時々くもり</dscb><image>101</image></weather>
<weather><id>102</id><dscb>晴れ時々雨</dscb><image>103</image></weather>
<weather><id>103</id><dscb>晴れ時々雨</dscb><image>103</image></weather>
<weather><id>106</id><dscb>晴れ時々雨</dscb><image>103</image></weather>
<weather><id>107</id><dscb>晴れ時々雨</dscb><image>103</image></weather>
<weather><id>120</id><dscb>晴れ時々雨</dscb><image>103</image></weather>
<weather><id>121</id><dscb>晴れ時々雨</dscb><image>103</image></weather>
<weather><id>140</id><dscb>晴れ時々雨</dscb><image>103</image></weather>
<weather><id>108</id><dscb>晴れ時々雨</dscb><image>103</image></weather>
<weather><id>553</id><dscb>晴れ時々雨</dscb><image>103</image></weather>
<weather><id>558</id><dscb>晴れ時々雨</dscb><image>103</image></weather>
<weather><id>871</id><dscb>晴れ時々雨</dscb><image>103</image></weather>
<weather><id>104</id><dscb>晴れ時々雪</dscb><image>105</image></weather>
<weather><id>105</id><dscb>晴れ時々雪</dscb><image>105</image></weather>
<weather><id>160</id><dscb>晴れ時々雪</dscb><image>105</image></weather>
<weather><id>170</id><dscb>晴れ時々雪</dscb><image>105</image></weather>
<weather><id>110</id><dscb>晴れのちくもり</dscb><image>111</image></weather>
<weather><id>111</id><dscb>晴れのちくもり</dscb><image>111</image></weather>
<weather><id>562</id><dscb>晴れのちくもり</dscb><image>111</image></weather>
<weather><id>112</id><dscb>晴れのち雨</dscb><image>114</image></weather>
<weather><id>113</id><dscb>晴れのち雨</dscb><image>114</image></weather>
<weather><id>114</id><dscb>晴れのち雨</dscb><image>114</image></weather>
<weather><id>118</id><dscb>晴れのち雨</dscb><image>114</image></weather>
<weather><id>122</id><dscb>晴れのち雨</dscb><image>114</image></weather>
<weather><id>126</id><dscb>晴れのち雨</dscb><image>114</image></weather>
<weather><id>127</id><dscb>晴れのち雨</dscb><image>114</image></weather>
<weather><id>128</id><dscb>晴れのち雨</dscb><image>114</image></weather>
<weather><id>129</id><dscb>晴れのち雨</dscb><image>114</image></weather>
<weather><id>119</id><dscb>晴れのち雨</dscb><image>114</image></weather>
<weather><id>125</id><dscb>晴れのち雨</dscb><image>114</image></weather>
<weather><id>881</id><dscb>晴れのち雨</dscb><image>114</image></weather>
<weather><id>563</id><dscb>晴れのち雨</dscb><image>114</image></weather>
<weather><id>568</id><dscb>晴れのち雨</dscb><image>114</image></weather>
<weather><id>115</id><dscb>晴れのち雪</dscb><image>117</image></weather>
<weather><id>116</id><dscb>晴れのち雪</dscb><image>117</image></weather>
<weather><id>117</id><dscb>晴れのち雪</dscb><image>117</image></weather>
<weather><id>181</id><dscb>晴れのち雪</dscb><image>117</image></weather>
<weather><id>200</id><dscb>くもり</dscb><image>200</image></weather>
<weather><id>209</id><dscb>くもり</dscb><image>200</image></weather>
<weather><id>231</id><dscb>くもり</dscb><image>200</image></weather>
<weather><id>201</id><dscb>くもり時々晴れ</dscb><image>201</image></weather>
<weather><id>223</id><dscb>くもり時々晴れ</dscb><image>201</image></weather>
<weather><id>572</id><dscb>くもり時々晴れ</dscb><image>201</image></weather>
<weather><id>202</id><dscb>くもり時々雨</dscb><image>203</image></weather>
<weather><id>203</id><dscb>くもり時々雨</dscb><image>203</image></weather>
<weather><id>206</id><dscb>くもり時々雨</dscb><image>203</image></weather>
<weather><id>207</id><dscb>くもり時々雨</dscb><image>203</image></weather>
<weather><id>220</id><dscb>くもり時々雨</dscb><image>203</image></weather>
<weather><id>221</id><dscb>くもり時々雨</dscb><image>203</image></weather>
<weather><id>240</id><dscb>くもり時々雨</dscb><image>203</image></weather>
<weather><id>208</id><dscb>くもり時々雨</dscb><image>203</image></weather>
<weather><id>872</id><dscb>くもり時々雨</dscb><image>203</image></weather>
<weather><id>204</id><dscb>くもり時々雪</dscb><image>205</image></weather>
<weather><id>205</id><dscb>くもり時々雪</dscb><image>205</image></weather>
<weather><id>250</id><dscb>くもり時々雪</dscb><image>205</image></weather>
<weather><id>260</id><dscb>くもり時々雪</dscb><image>205</image></weather>
<weather><id>270</id><dscb>くもり時々雪</dscb><image>205</image></weather>
<weather><id>210</id><dscb>くもりのち晴れ</dscb><image>211</image></weather>
<weather><id>211</id><dscb>くもりのち晴れ</dscb><image>211</image></weather>
<weather><id>582</id><dscb>くもりのち晴れ</dscb><image>211</image></weather>
<weather><id>212</id><dscb>くもりのち雨</dscb><image>214</image></weather>
<weather><id>213</id><dscb>くもりのち雨</dscb><image>214</image></weather>
<weather><id>214</id><dscb>くもりのち雨</dscb><image>214</image></weather>
<weather><id>218</id><dscb>くもりのち雨</dscb><image>214</image></weather>
<weather><id>222</id><dscb>くもりのち雨</dscb><image>214</image></weather>
<weather><id>224</id><dscb>くもりのち雨</dscb><image>214</image></weather>
<weather><id>225</id><dscb>くもりのち雨</dscb><image>214</image></weather>
<weather><id>226</id><dscb>くもりのち雨</dscb><image>214</image></weather>
<weather><id>227</id><dscb>くもりのち雨</dscb><image>214</image></weather>
<weather><id>219</id><dscb>くもりのち雨</dscb><image>214</image></weather>
<weather><id>882</id><dscb>くもりのち雨</dscb><image>214</image></weather>
<weather><id>215</id><dscb>くもりのち雪</dscb><image>217</image></weather>
<weather><id>216</id><dscb>くもりのち雪</dscb><image>217</image></weather>
<weather><id>217</id><dscb>くもりのち雪</dscb><image>217</image></weather>
<weather><id>228</id><dscb>くもりのち雪</dscb><image>217</image></weather>
<weather><id>229</id><dscb>くもりのち雪</dscb><image>217</image></weather>
<weather><id>230</id><dscb>くもりのち雪</dscb><image>217</image></weather>
<weather><id>281</id><dscb>くもりのち雪</dscb><image>217</image></weather>
<weather><id>300</id><dscb>雨</dscb><image>300</image></weather>
<weather><id>304</id><dscb>雨</dscb><image>300</image></weather>
<weather><id>306</id><dscb>雨</dscb><image>300</image></weather>
<weather><id>328</id><dscb>雨</dscb><image>300</image></weather>
<weather><id>329</id><dscb>雨</dscb><image>300</image></weather>
<weather><id>350</id><dscb>雨</dscb><image>300</image></weather>
<weather><id>308</id><dscb>雨</dscb><image>300</image></weather>
<weather><id>873</id><dscb>雨</dscb><image>300</image></weather>
<weather><id>883</id><dscb>雨</dscb><image>300</image></weather>
<weather><id>850</id><dscb>雨</dscb><image>300</image></weather>
<weather><id>853</id><dscb>雨</dscb><image>300</image></weather>
<weather><id>863</id><dscb>雨</dscb><image>300</image></weather>
<weather><id>430</id><dscb>雨</dscb><image>300</image></weather>
<weather><id>800</id><dscb>雨</dscb><image>300</image></weather>
<weather><id>302</id><dscb>雨時々止む</dscb><image>302</image></weather>
<weather><id>852</id><dscb>雨時々止む</dscb><image>302</image></weather>
<weather><id>854</id><dscb>雨時々雪</dscb><image>303</image></weather>
<weather><id>303</id><dscb>雨時々雪</dscb><image>303</image></weather>
<weather><id>309</id><dscb>雨時々雪</dscb><image>303</image></weather>
<weather><id>322</id><dscb>雨時々雪</dscb><image>303</image></weather>
<weather><id>314</id><dscb>雨のち雪</dscb><image>315</image></weather>
<weather><id>315</id><dscb>雨のち雪</dscb><image>315</image></weather>
<weather><id>326</id><dscb>雨のち雪</dscb><image>315</image></weather>
<weather><id>327</id><dscb>雨のち雪</dscb><image>315</image></weather>
<weather><id>864</id><dscb>雨のち雪</dscb><image>315</image></weather>
<weather><id>573</id><dscb>雨時々晴れ</dscb><image>301</image></weather>
<weather><id>851</id><dscb>雨時々晴れ</dscb><image>301</image></weather>
<weather><id>855</id><dscb>雨時々晴れ</dscb><image>301</image></weather>
<weather><id>301</id><dscb>雨時々晴れ</dscb><image>301</image></weather>
<weather><id>311</id><dscb>雨のち晴れ</dscb><image>311</image></weather>
<weather><id>316</id><dscb>雨のち晴れ</dscb><image>311</image></weather>
<weather><id>320</id><dscb>雨のち晴れ</dscb><image>311</image></weather>
<weather><id>323</id><dscb>雨のち晴れ</dscb><image>311</image></weather>
<weather><id>324</id><dscb>雨のち晴れ</dscb><image>311</image></weather>
<weather><id>325</id><dscb>雨のち晴れ</dscb><image>311</image></weather>
<weather><id>583</id><dscb>雨のち晴れ</dscb><image>311</image></weather>
<weather><id>861</id><dscb>雨のち晴れ</dscb><image>311</image></weather>
<weather><id>865</id><dscb>雨のち晴れ</dscb><image>311</image></weather>
<weather><id>313</id><dscb>雨のちくもり</dscb><image>313</image></weather>
<weather><id>317</id><dscb>雨のちくもり</dscb><image>313</image></weather>
<weather><id>321</id><dscb>雨のちくもり</dscb><image>313</image></weather>
<weather><id>862</id><dscb>雨のちくもり</dscb><image>313</image></weather>
<weather><id>400</id><dscb>雪</dscb><image>400</image></weather>
<weather><id>405</id><dscb>雪</dscb><image>400</image></weather>
<weather><id>425</id><dscb>雪</dscb><image>400</image></weather>
<weather><id>426</id><dscb>雪</dscb><image>400</image></weather>
<weather><id>427</id><dscb>雪</dscb><image>400</image></weather>
<weather><id>450</id><dscb>雪</dscb><image>400</image></weather>
<weather><id>340</id><dscb>雪</dscb><image>400</image></weather>
<weather><id>406</id><dscb>雪</dscb><image>400</image></weather>
<weather><id>407</id><dscb>雪</dscb><image>400</image></weather>
<weather><id>401</id><dscb>雪時々晴れ</dscb><image>401</image></weather>
<weather><id>402</id><dscb>雪時々止む</dscb><image>402</image></weather>
<weather><id>403</id><dscb>雪時々雨</dscb><image>403</image></weather>
<weather><id>409</id><dscb>雪時々雨</dscb><image>403</image></weather>
<weather><id>874</id><dscb>雪時々雨</dscb><image>403</image></weather>
<weather><id>411</id><dscb>雪のち晴れ</dscb><image>411</image></weather>
<weather><id>420</id><dscb>雪のち晴れ</dscb><image>411</image></weather>
<weather><id>361</id><dscb>雪のち晴れ</dscb><image>411</image></weather>
<weather><id>413</id><dscb>雪のちくもり</dscb><image>413</image></weather>
<weather><id>421</id><dscb>雪のちくもり</dscb><image>413</image></weather>
<weather><id>371</id><dscb>雪のちくもり</dscb><image>413</image></weather>
<weather><id>414</id><dscb>雪のち雨</dscb><image>414</image></weather>
<weather><id>422</id><dscb>雪のち雨</dscb><image>414</image></weather>
<weather><id>423</id><dscb>雪のち雨</dscb><image>414</image></weather>
<weather><id>424</id><dscb>雪のち雨</dscb><image>414</image></weather>
<weather><id>884</id><dscb>雪のち雨</dscb><image>414</image></weather>
</weathers>